-- 1. 用户表 (users) - 密码统一设置为明文 '123456'，程序启动时会自动加密
-- 管理员
INSERT INTO users (username, password, name, role, phone, email, student_id, created_at, updated_at) VALUES
('admin', '123456', '系统管理员', 'ADMIN', '13800138000', 'admin@example.com', 'ADMIN001', NOW(), NOW());

-- 初始学生
INSERT INTO users (username, password, name, role, phone, email, student_id, created_at, updated_at) VALUES
('zhangsan', '123456', '张三', 'STUDENT', '13900139001', 'zhangsan@example.com', '2021001', NOW(), NOW()),
('lisi', '123456', '李四', 'STUDENT', '13900139002', 'lisi@example.com', '2021002', NOW(), NOW()),
('wangwu', '123456', '王五', 'STUDENT', '13900139003', 'wangwu@example.com', '2021003', NOW(), NOW()),
('zhaoliu', '123456', '赵六', 'STUDENT', '13900139004', 'zhaoliu@example.com', '2021004', NOW(), NOW()),
('qianqi', '123456', '钱七', 'STUDENT', '13900139005', 'qianqi@example.com', '2021005', NOW(), NOW()),
('sunba', '123456', '孙八', 'STUDENT', '13900139006', 'sunba@example.com', '2021006', NOW(), NOW()),
('zhoujiu', '123456', '周九', 'STUDENT', '13900139007', 'zhoujiu@example.com', '2021007', NOW(), NOW()),
('wushi', '123456', '吴十', 'STUDENT', '13900139008', 'wushi@example.com', '2021008', NOW(), NOW()),
('zhengshiyi', '123456', '郑十一', 'STUDENT', '13900139009', 'zhengshiyi@example.com', '2021009', NOW(), NOW()),
('wangshier', '123456', '王十二', 'STUDENT', '13900139010', 'wangshier@example.com', '2021010', NOW(), NOW());


-- 2. 宿舍楼表 (buildings) - 增加到5栋，覆盖不同区域
INSERT INTO buildings (name, location, capacity, created_at, updated_at) VALUES
('A栋', '北校区东侧', 500, NOW(), NOW()),
('B栋', '北校区西侧', 500, NOW(), NOW()),
('C栋', '南校区中心', 600, NOW(), NOW()),
('D栋', '南校区东侧', 450, NOW(), NOW()),
('E栋', '研究生院区', 300, NOW(), NOW());


-- 3. 宿舍表 (dormitories) - 每个楼栋生成多条数据，总计超过20条
-- A栋 (1层-3层)
INSERT INTO dormitories (number, building, capacity, occupied, created_at, updated_at) VALUES
('A-101', 'A栋', 4, 4, NOW(), NOW()),
('A-102', 'A栋', 4, 4, NOW(), NOW()),
('A-103', 'A栋', 4, 2, NOW(), NOW()),
('A-104', 'A栋', 4, 0, NOW(), NOW()),
('A-201', 'A栋', 4, 4, NOW(), NOW()),
('A-202', 'A栋', 4, 3, NOW(), NOW()),
('A-203', 'A栋', 4, 0, NOW(), NOW()),
('A-301', 'A栋', 4, 4, NOW(), NOW()),
('A-302', 'A栋', 4, 1, NOW(), NOW());

-- B栋
INSERT INTO dormitories (number, building, capacity, occupied, created_at, updated_at) VALUES
('B-101', 'B栋', 4, 4, NOW(), NOW()),
('B-102', 'B栋', 4, 2, NOW(), NOW()),
('B-103', 'B栋', 4, 0, NOW(), NOW()),
('B-201', 'B栋', 4, 4, NOW(), NOW()),
('B-202', 'B栋', 4, 4, NOW(), NOW());

-- C栋
INSERT INTO dormitories (number, building, capacity, occupied, created_at, updated_at) VALUES
('C-101', 'C栋', 6, 6, NOW(), NOW()),
('C-102', 'C栋', 6, 5, NOW(), NOW()),
('C-103', 'C栋', 6, 0, NOW(), NOW()),
('C-201', 'C栋', 6, 6, NOW(), NOW());

-- D栋
INSERT INTO dormitories (number, building, capacity, occupied, created_at, updated_at) VALUES
('D-101', 'D栋', 4, 4, NOW(), NOW()),
('D-102', 'D栋', 4, 2, NOW(), NOW()),
('D-201', 'D栋', 4, 0, NOW(), NOW());

-- E栋
INSERT INTO dormitories (number, building, capacity, occupied, created_at, updated_at) VALUES
('E-101', 'E栋', 2, 2, NOW(), NOW()),
('E-102', 'E栋', 2, 1, NOW(), NOW());


-- 4. 住宿信息表 (accommodations) - 填充25条以上数据，确保分页
INSERT INTO accommodations (student_name, student_id, dormitory, bed, building, check_in_date, created_at, updated_at) VALUES
('张三', '2021001', 'A-101', '1号床', 'A栋', '2023-09-01', NOW(), NOW()),
('李四', '2021002', 'A-101', '2号床', 'A栋', '2023-09-01', NOW(), NOW()),
('王五', '2021003', 'A-101', '3号床', 'A栋', '2023-09-01', NOW(), NOW()),
('赵六', '2021004', 'A-101', '4号床', 'A栋', '2023-09-01', NOW(), NOW()),
('钱七', '2021005', 'A-102', '1号床', 'A栋', '2023-09-01', NOW(), NOW()),
('孙八', '2021006', 'A-102', '2号床', 'A栋', '2023-09-01', NOW(), NOW()),
('周九', '2021007', 'A-102', '3号床', 'A栋', '2023-09-01', NOW(), NOW()),
('吴十', '2021008', 'A-102', '4号床', 'A栋', '2023-09-01', NOW(), NOW()),
('郑十一', '2021009', 'A-103', '1号床', 'A栋', '2023-09-01', NOW(), NOW()),
('王十二', '2021010', 'A-103', '2号床', 'A栋', '2023-09-01', NOW(), NOW()),
('陈十三', '2021011', 'A-201', '1号床', 'A栋', '2023-09-01', NOW(), NOW()),
('刘十四', '2021012', 'A-201', '2号床', 'A栋', '2023-09-01', NOW(), NOW()),
('朱十五', '2021013', 'A-201', '3号床', 'A栋', '2023-09-01', NOW(), NOW()),
('秦十六', '2021014', 'A-201', '4号床', 'A栋', '2023-09-01', NOW(), NOW()),
('许十七', '2021015', 'A-202', '1号床', 'A栋', '2023-09-01', NOW(), NOW()),
('何十八', '2021016', 'A-202', '2号床', 'A栋', '2023-09-01', NOW(), NOW()),
('吕十九', '2021017', 'A-202', '3号床', 'A栋', '2023-09-01', NOW(), NOW()),
('张二十', '2021018', 'A-301', '1号床', 'A栋', '2023-09-01', NOW(), NOW()),
('孔二一', '2021019', 'A-301', '2号床', 'A栋', '2023-09-01', NOW(), NOW()),
('曹二二', '2021020', 'A-301', '3号床', 'A栋', '2023-09-01', NOW(), NOW()),
('严二三', '2021021', 'A-301', '4号床', 'A栋', '2023-09-01', NOW(), NOW()),
('华二四', '2021022', 'B-101', '1号床', 'B栋', '2023-09-01', NOW(), NOW()),
('金二五', '2021023', 'B-101', '2号床', 'B栋', '2023-09-01', NOW(), NOW()),
('魏二六', '2021024', 'B-101', '3号床', 'B栋', '2023-09-01', NOW(), NOW()),
('陶二七', '2021025', 'B-101', '4号床', 'B栋', '2023-09-01', NOW(), NOW()),
('姜二八', '2021026', 'C-101', '1号床', 'C栋', '2023-09-01', NOW(), NOW());


-- 5. 报修记录表 (repairs) - 20条以上，包含不同状态
INSERT INTO repairs (reporter, student_id, dormitory, description, status, repair_time, created_at, updated_at) VALUES
('张三', '2021001', 'A-101', '洗手间灯泡坏了，需要更换', 'PENDING', '2023-10-01 10:00:00', NOW(), NOW()),
('李四', '2021002', 'A-101', '空调不制冷，只有自然风', 'PROCESSING', '2023-10-02 14:30:00', NOW(), NOW()),
('王五', '2021003', 'A-101', '阳台门锁卡住了，打不开', 'COMPLETED', '2023-09-15 09:00:00', NOW(), NOW()),
('赵六', '2021004', 'A-101', '书桌抽屉滑轨损坏', 'PENDING', '2023-10-05 11:20:00', NOW(), NOW()),
('钱七', '2021005', 'A-102', '天花板有漏水迹象', 'PROCESSING', '2023-10-03 16:45:00', NOW(), NOW()),
('孙八', '2021006', 'A-102', '卫生间水龙头漏水', 'COMPLETED', '2023-09-20 08:30:00', NOW(), NOW()),
('周九', '2021007', 'A-102', '网络接口接触不良', 'PENDING', '2023-10-06 13:15:00', NOW(), NOW()),
('吴十', '2021008', 'A-102', '椅子靠背断裂', 'COMPLETED', '2023-09-25 10:10:00', NOW(), NOW()),
('郑十一', '2021009', 'A-103', '宿舍门锁不好用，钥匙很难插进去', 'PENDING', '2023-10-07 09:50:00', NOW(), NOW()),
('王十二', '2021010', 'A-103', '窗帘挂钩掉了几个', 'COMPLETED', '2023-09-28 15:20:00', NOW(), NOW()),
('陈十三', '2021011', 'A-201', '饮水机不加热', 'PROCESSING', '2023-10-04 11:00:00', NOW(), NOW()),
('刘十四', '2021012', 'A-201', '床板有异响', 'PENDING', '2023-10-08 14:40:00', NOW(), NOW()),
('朱十五', '2021013', 'A-201', '洗手池下水管堵塞', 'COMPLETED', '2023-09-18 17:00:00', NOW(), NOW()),
('秦十六', '2021014', 'A-201', '空调遥控器丢失', 'PENDING', '2023-10-09 10:30:00', NOW(), NOW()),
('许十七', '2021015', 'A-202', '电风扇转动有噪音', 'PROCESSING', '2023-10-05 09:15:00', NOW(), NOW()),
('何十八', '2021016', 'A-202', '衣柜门合页松动', 'COMPLETED', '2023-09-22 13:45:00', NOW(), NOW()),
('吕十九', '2021017', 'A-202', '插座没电', 'PENDING', '2023-10-10 16:20:00', NOW(), NOW()),
('张二十', '2021018', 'A-301', '纱窗破损', 'COMPLETED', '2023-09-30 11:10:00', NOW(), NOW()),
('孔二一', '2021019', 'A-301', '灯管闪烁', 'PROCESSING', '2023-10-06 15:30:00', NOW(), NOW()),
('曹二二', '2021020', 'A-301', '墙皮脱落', 'PENDING', '2023-10-11 09:40:00', NOW(), NOW()),
('华二四', '2021022', 'B-101', '公共区域灯不亮', 'PENDING', '2023-10-12 19:00:00', NOW(), NOW());


-- 6. 换寝记录表 (room_changes) - 20条以上，包含不同状态
INSERT INTO room_changes (student_a, old_dormitory_a, old_bed_a, new_dormitory_a, new_bed_a, status, change_time, created_at, updated_at) VALUES
('王五', 'A-101', '3号床', 'A-203', '1号床', 'PENDING', '2023-10-01 10:00:00', NOW(), NOW()),
('赵六', 'A-101', '4号床', 'A-203', '2号床', 'APPROVED', '2023-09-15 14:00:00', NOW(), NOW()),
('钱七', 'A-102', '1号床', 'B-103', '1号床', 'REJECTED', '2023-09-20 09:30:00', NOW(), NOW()),
('孙八', 'A-102', '2号床', 'B-103', '2号床', 'PENDING', '2023-10-02 11:15:00', NOW(), NOW()),
('周九', 'A-102', '3号床', 'C-103', '1号床', 'APPROVED', '2023-09-18 16:20:00', NOW(), NOW()),
('吴十', 'A-102', '4号床', 'C-103', '2号床', 'PENDING', '2023-10-03 13:45:00', NOW(), NOW()),
('郑十一', 'A-103', '1号床', 'D-201', '1号床', 'APPROVED', '2023-09-25 10:10:00', NOW(), NOW()),
('王十二', 'A-103', '2号床', 'D-201', '2号床', 'REJECTED', '2023-09-26 15:30:00', NOW(), NOW()),
('陈十三', 'A-201', '1号床', 'E-101', '1号床', 'PENDING', '2023-10-04 09:00:00', NOW(), NOW()),
('刘十四', 'A-201', '2号床', 'E-101', '2号床', 'APPROVED', '2023-09-28 11:20:00', NOW(), NOW()),
('朱十五', 'A-201', '3号床', 'A-104', '1号床', 'PENDING', '2023-10-05 14:50:00', NOW(), NOW()),
('秦十六', 'A-201', '4号床', 'A-104', '2号床', 'APPROVED', '2023-09-30 16:40:00', NOW(), NOW()),
('许十七', 'A-202', '1号床', 'B-103', '3号床', 'REJECTED', '2023-10-01 08:30:00', NOW(), NOW()),
('何十八', 'A-202', '2号床', 'B-103', '4号床', 'PENDING', '2023-10-06 10:15:00', NOW(), NOW()),
('吕十九', 'A-202', '3号床', 'C-103', '3号床', 'APPROVED', '2023-09-22 13:00:00', NOW(), NOW()),
('张二十', 'A-301', '1号床', 'C-103', '4号床', 'PENDING', '2023-10-07 15:45:00', NOW(), NOW()),
('孔二一', 'A-301', '2号床', 'D-201', '3号床', 'APPROVED', '2023-09-29 09:20:00', NOW(), NOW()),
('曹二二', 'A-301', '3号床', 'D-201', '4号床', 'REJECTED', '2023-10-02 14:10:00', NOW(), NOW()),
('严二三', 'A-301', '4号床', 'E-102', '1号床', 'PENDING', '2023-10-08 11:30:00', NOW(), NOW()),
('华二四', 'B-101', '1号床', 'E-102', '2号床', 'APPROVED', '2023-09-27 16:00:00', NOW(), NOW()),
('金二五', 'B-101', '2号床', 'A-104', '3号床', 'PENDING', '2023-10-09 10:00:00', NOW(), NOW());


-- 7. 来访登记表 (visits) - 20条以上
INSERT INTO visits (visitor_name, dormitory, student_id, student_name, description, visit_time, status, created_at, updated_at) VALUES
('张三的家长', 'A-101', '2021001', '张三', '送生活用品', '2023-10-01 09:00:00', 'APPROVED', NOW(), NOW()),
('李四的朋友', 'A-101', '2021002', '李四', '取东西', '2023-10-01 14:00:00', 'PENDING', NOW(), NOW()),
('王五的哥哥', 'A-101', '2021003', '王五', '探望', '2023-10-02 10:30:00', 'APPROVED', NOW(), NOW()),
('赵六的同学', 'A-101', '2021004', '赵六', '借书', '2023-10-02 16:00:00', 'REJECTED', NOW(), NOW()),
('钱七的父亲', 'A-102', '2021005', '钱七', '送衣物', '2023-10-03 09:15:00', 'APPROVED', NOW(), NOW()),
('孙八的母亲', 'A-102', '2021006', '孙八', '送水果', '2023-10-03 15:20:00', 'APPROVED', NOW(), NOW()),
('周九的朋友', 'A-102', '2021007', '周九', '还钱', '2023-10-04 11:00:00', 'PENDING', NOW(), NOW()),
('吴十的表弟', 'A-102', '2021008', '吴十', '参观学校', '2023-10-04 14:45:00', 'REJECTED', NOW(), NOW()),
('郑十一的姐姐', 'A-103', '2021009', '郑十一', '送药', '2023-10-05 10:00:00', 'APPROVED', NOW(), NOW()),
('王十二的家长', 'A-103', '2021010', '王十二', '了解近况', '2023-10-05 16:30:00', 'APPROVED', NOW(), NOW()),
('陈十三的朋友', 'A-201', '2021011', '陈十三', '一起去图书馆', '2023-10-06 08:30:00', 'PENDING', NOW(), NOW()),
('刘十四的同学', 'A-201', '2021012', '刘十四', '讨论课题', '2023-10-06 19:00:00', 'APPROVED', NOW(), NOW()),
('朱十五的亲戚', 'A-201', '2021013', '朱十五', '路过探望', '2023-10-07 11:20:00', 'APPROVED', NOW(), NOW()),
('秦十六的朋友', 'A-201', '2021014', '秦十六', '送外卖', '2023-10-07 12:00:00', 'REJECTED', NOW(), NOW()),
('许十七的家长', 'A-202', '2021015', '许十七', '送被褥', '2023-10-08 09:40:00', 'APPROVED', NOW(), NOW()),
('何十八的朋友', 'A-202', '2021016', '何十八', '拿快递', '2023-10-08 15:10:00', 'PENDING', NOW(), NOW()),
('吕十九的同学', 'A-202', '2021017', '吕十九', '借电脑', '2023-10-09 13:00:00', 'APPROVED', NOW(), NOW()),
('张二十的哥哥', 'A-301', '2021018', '张二十', '送生活费', '2023-10-09 17:30:00', 'APPROVED', NOW(), NOW()),
('孔二一的朋友', 'A-301', '2021019', '孔二一', '约打球', '2023-10-10 16:00:00', 'PENDING', NOW(), NOW()),
('曹二二的家长', 'A-301', '2021020', '曹二二', '接回家', '2023-10-10 18:00:00', 'APPROVED', NOW(), NOW()),
('快递员', 'B-101', '2021022', '华二四', '大件快递送货上门', '2023-10-11 10:30:00', 'APPROVED', NOW(), NOW());
